Pulse , Rot. period , Tstart/ Tob , ToA(MJD) , Width(ms) ,  Peak flux(mJy) ,  Fluence(Jyms) , Energy(erg) , Cntrl freq.(MHz) , Bandwidth(MHz) , DM(pc cm-3)%
1,1, 59131.3843958 / 1.0 ,59131.38471, 4.2 (2) , 47.1 (26) , 0.020 (2) ,1.31,1277 ,69, 332.5 (5)%
2,  ,  /  ,59131.38471, 4.1 (4) , 24.6 (14) , 0.010 (2) ,0.61,1236 ,86, 332.5 (5)%
3,2,  /  ,59131.38697, 4.6 (4) , 30.0 (17) , 0.014 (2) ,0.91,1230 ,154, 333.0 (9)%
4,3,  /  ,59131.38727, 23.7 (15) , 17.3 (10) , 0.040 (4) ,2.64,1256 ,253, 333.3 (3)%
5,4,  /  ,59131.38813, 4.9 (4) , 29.0 (16) , 0.014 (2) ,0.91,  ,  , 332.2 (5)%
6,  ,  /  ,59131.38813, 14.0 (17) , 11.8 (7) , 0.016 (2) ,1.12,  ,  , 332.2 (5)%
7,5,  /  ,59131.38874, 3.5 (2) , 43.2 (24) , 0.015 (2) ,1.01,  ,  , 332.8 (2)%
8,6,  /  ,59131.3893, 4.3 (2) , 48.3 (27) , 0.021 (2) ,1.31,  ,  , 332.7 (1)%
9,7,  /  ,59131.38964, 14.5 (11) , 17.8 (10) , 0.025 (2) ,1.73,1316 ,169, 331.3 (3)%
10,  ,  /  ,59131.38964, 12.1 (11) , 16.0 (9) , 0.019 (2) ,1.22,1318 ,160, 331.3 (3)%
11,8,  /  ,59131.3899, 8.6 (5) , 28.8 (16) , 0.024 (2) ,1.62,1357 ,97, 333.3 (3)%
12,  ,  /  ,59131.3899, 12.0 (7) , 32.4 (18) , 0.038 (3) ,2.53,  ,  , 333.3 (3)%
13,  ,  /  ,59131.3899, 5.1 (3) , 33.7 (19) , 0.017 (2) ,1.12,  ,  , 333.3 (3)%
14,9,  /  ,59131.39005, 5.9 (4) , 27.4 (15) , 0.016 (2) ,1.01,1240 ,345, 332.4 (3)%
15,10,  /  ,59131.39047, 4.1 (1) , 65.0 (36) , 0.026 (2) ,1.72,1088 ,59, 332.7 (3)%
16,11,  /  ,59131.3905, 25.1 (19) , 14.8 (8) , 0.037 (4) ,2.44,1096 ,48, 331.9 (3)%
17,12,  /  ,59131.39178, 6.1 (6) , 24.2 (13) , 0.014 (2) ,0.92,1168 ,81, 332.8 (8)%
18,13,  /  ,59131.39227, 2.0 (1) , 23.8 (13) , 0.037 (3) ,2.44,  ,  , 332.8 (1)%
19,14,  /  ,59131.39325, 7.8 (6) , 21.5 (12) , 0.016 (2) ,1.12,1115 ,148, 331.9 (4)%
20,15,  /  ,59131.39366, 3.3 (2) , 37.1 (21) , 0.012 (2) ,0.81,  ,  , 332.1 (4)%
21,16,  /  ,59131.39392, 14.2 (13) , 15.6 (9) , 0.022 (2) ,1.43,1164 ,142, 332.8 (2)%
22,17,  /  ,59131.39573, 8.7 (4) , 14.5 (8) , 0.099 (8) ,6.59,1133 ,39, 332.4 (1)%
23,  ,  /  ,59131.39573, 8.3 (7) , 20.0 (11) , 0.016 (2) ,1.12,1133 ,39, 332.4 (1)%
24,18,  /  ,59131.39783, 8.1 (6) , 27.4 (15) , 0.022 (2) ,1.42,1107 ,125, 332.7 (0)%
25,  ,  /  ,59131.39783, 7.8 (7) , 22.1 (12) , 0.017 (2) ,1.12,  ,  , 332.7 (0)%
26,  ,  /  ,59131.39783, 5.5 (2) , 57.3 (32) , 0.031 (2) ,2.02,1117 ,186, 332.7 (1)%
27,19,  /  ,59131.3981, 4.1 (2) , 44.6 (25) , 0.018 (2) ,1.21,1469 ,315, 332.1 (6)%
28,20,  /  ,59131.39892, 7.0 (4) , 33.6 (19) , 0.023 (2) ,1.52,1090 ,98, 332.6 (1)%
29,21,  /  ,59131.40201, 9.2 (9) , 17.0 (9) , 0.015 (2) ,1.02,1178 ,275, 332.2 (2)%
30,22,  /  ,59131.40204, 9.4 (4) , 32.0 (18) , 0.030 (2) ,1.92,  ,  , 332.6 (1)%
31,23,  /  ,59131.40231, 8.0 (8) , 20.7 (11) , 0.016 (2) ,1.12,1113 ,71, 332.8 (2)%
32,24,  /  ,59131.40291, 5.4 (4) , 26.0 (14) , 0.014 (2) ,0.91,  ,  , 332.2 (2)%
33,25,  /  ,59131.40325, 4.1 (3) , 29.4 (16) , 0.012 (1) ,0.81,1162 ,162, 331.6 (5)%
34,26,  /  ,59131.40404, 6.7 (4) , 30.2 (17) , 0.020 (2) ,1.32,1250 ,192, 332.4 (6)%
35,27,  /  ,59131.40415, 5.6 (2) , 48.0 (27) , 0.027 (2) ,1.72,  ,  , 332.0 (3)%
36,28,  /  ,59131.40494, 9.9 (9) , 17.8 (10) , 0.017 (2) ,1.12,1102 ,72, 332.5 (7)%
37,29,  /  ,59131.40498, 3.3 (2) , 46.5 (26) , 0.015 (2) ,1.01,  ,  , 332.4 (7)%
38,30,  /  ,59131.40513, 6.4 (5) , 25.2 (14) , 0.016 (2) ,1.02,  ,  , 332.4 (3)%
39,31,  /  ,59131.40558, 8.0 (7) , 20.7 (11) , 0.016 (2) ,1.12,1174 ,274, 332.1 (5)%
40,32,  /  ,59131.40779, 7.9 (9) , 15.4 (9) , 0.012 (2) ,0.82,1000 ,110, 333.3 (8)%
41,  ,  /  ,59131.40779, 6.0 (4) , 25.2 (14) , 0.015 (2) ,1.01,1000 ,110, 333.3 (8)%
42,33,  /  ,59131.40798, 4.6 (2) , 49.5 (27) , 0.023 (2) ,1.52,1109 ,143, 332.5 (1)%
43,34,  /  ,59131.40806, 4.4 (4) , 21.4 (12) , 0.009 (1) ,0.61,1111 ,120, 332.2 (4)%
44,  ,  /  ,59131.40806, 3.0 (2) , 11.0 (6) , 0.026 (3) ,1.73,1365 ,72, 332.2 (4)%
45,35,  /  ,59131.40821, 9.3 (9) , 19.2 (11) , 0.017 (2) ,1.12,1207 ,243, 332.5 (6)%
46,36,  /  ,59131.40843, 4.4 (1) , 81.2 (45) , 0.036 (2) ,2.32,  ,  , 332.7 (0)%
47,37,  /  ,59131.40866, 5.0 (3) , 41.2 (23) , 0.020 (2) ,1.32,1297 ,310, 332.5 (7)%
48,38,  /  ,59131.40986, 3.8 (2) , 37.6 (21) , 0.014 (2) ,0.91,  ,  , 333.4 (7)%
49,39,  /  ,59131.41084, 3.4 (3) , 23.8 (13) , 0.008 (1) ,0.51,  ,  , 333.8 (3)%
50,40,  /  ,59131.41122, 11.5 (6) , 28.3 (16) , 0.032 (2) ,2.13,  ,  , 332.3 (7)%
51,41,  /  ,59131.41212, 4.7 (4) , 25.2 (14) , 0.012 (2) ,0.81,1416 ,101, 333.0 (3)%
52,  ,  /  ,59131.41212, 4.1 (2) , 39.1 (22) , 0.016 (2) ,1.01,1498 ,186, 333.0 (3)%
53,42,  /  ,59131.41381, 6.9 (5) , 27.3 (15) , 0.019 (2) ,1.22,1148 ,193, 332.8 (9)%
54,43,  /  ,59131.41407, 10.3 (5) , 27.8 (15) , 0.028 (2) ,1.82,1189 ,261, 332.7 (1)%
55,44,  /  ,59131.41415, 4.1 (2) , 51.7 (29) , 0.021 (2) ,1.42,1166 ,241, 332.8 (3)%
56,45,  /  ,59131.41452, 7.6 (4) , 33.4 (18) , 0.025 (2) ,1.62,  ,  , 332.7 (1)%
57,46,  /  ,59131.4149, 13.8 (6) , 29.6 (16) , 0.040 (3) ,2.63,1098 ,48, 332.6 (2)%
58,47,  /  ,59131.41524, 7.5 (3) , 51.9 (29) , 0.038 (3) ,2.53,1193 ,230, 332.5 (1)%
59,  ,  /  ,59131.41524, 6.8 (2) , 70.4 (39) , 0.047 (3) ,3.14,1160 ,192, 332.4 (1)%
60,  ,  /  ,59131.41524, 7.4 (8) , 19.4 (11) , 0.014 (2) ,0.92,1096 ,49, 332.5 (1)%
61,48,  /  ,59131.41539, 10.0 (10) , 17.3 (10) , 0.017 (2) ,1.12,1100 ,82, 332.7 (3)%
62,  ,  /  ,59131.41539, 4.1 (2) , 52.5 (29) , 0.021 (2) ,1.42,1105 ,108, 332.7 (3)%
63,49,  /  ,59131.41543, 6.0 (5) , 22.0 (12) , 0.013 (2) ,0.81,1322 ,74, 332.4 (7)%
64,50,  /  ,59131.41588, 9.6 (6) , 27.0 (15) , 0.026 (2) ,1.72,1123 ,169, 333.1 (3)%
65,51,  /  ,59131.41599, 5.1 (6) , 20.0 (11) , 0.010 (2) ,0.71,1359 ,88, 332.9 (3)%
66,  ,  /  ,59131.41599, 7.4 (7) , 21.6 (12) , 0.016 (2) ,1.02,1359 ,88, 332.9 (3)%
67,52,  /  ,59131.41652, 7.9 (2) , 54.0 (30) , 0.042 (3) ,2.73,1000 ,153, 332.7 (1)%
68,53,  /  ,59131.4167, 5.1 (4) , 27.0 (15) , 0.014 (2) ,0.91,  ,  , 332.5 (8)%
69,54,  /  ,59131.41828, 5.0 (4) , 24.0 (13) , 0.012 (2) ,0.81,1156 ,216, 333.0 (3)%
70,55,  /  ,59131.42009, 6.3 (6) , 21.0 (12) , 0.013 (2) ,0.92,  ,  , 332.8 (8)%
71,56,  /  ,59131.4205, 7.9 (5) , 30.7 (17) , 0.024 (2) ,1.62,1139 ,166, 332.7 (1)%
72,57,  /  ,59131.42197, 1.5 (0) , 75.0 (42) , 0.086 (6) ,5.67,1117 ,74, 332.7 (0)%
73,58,  /  ,59131.42204, 1.3 (0) , 31.9 (18) , 0.032 (2) ,2.13,1359 ,169, 333.0 (2)%
74,59,  /  ,59131.42219, 4.0 (4) , 22.1 (12) , 0.009 (1) ,0.61,1109 ,91, 332.9 (0)%
75,  ,  /  ,59131.42219, 5.4 (5) , 20.6 (12) , 0.011 (2) ,0.71,1100 ,106, 332.9 (0)%
76,60,  /  ,59131.42234, 1.6 (1) , 19.3 (11) , 0.025 (2) ,1.63,  ,  , 332.9 (8)%
77,61,  /  ,59131.42264, 1.2 (0) , 27.0 (15) , 0.024 (2) ,1.62,1119 ,106, 332.8 (1)%
78,62, 59132.3676593 / 1.0 ,59132.36804, 23.2 (20) , 16.0 (10) , 0.036 (4) ,2.45,1084 ,80, 334.2 (2)%
79,63,  /  ,59132.36831, 29.0 (26) , 14.5 (9) , 0.041 (4) ,2.75,  ,  , 332.9 (1)%
80,64,  /  ,59132.36849, 13.5 (10) , 21.2 (13) , 0.028 (2) ,1.83,1148 ,257, 332.5 (6)%
81,65,  /  ,59132.36861, 5.2 (5) , 25.9 (16) , 0.013 (2) ,0.91,1164 ,78, 332.3 (1)%
82,66,  /  ,59132.36906, 4.5 (4) , 31.0 (19) , 0.014 (2) ,0.92,1322 ,184, 332.4 (2)%
83,67,  /  ,59132.36973, 3.8 (1) , 21.5 (13) , 0.064 (5) ,4.26,1178 ,198, 332.3 (5)%
84,68,  /  ,59132.36981, 5.7 (2) , 47.4 (29) , 0.027 (2) ,1.72,  ,  , 332.9 (2)%
85,69,  /  ,59132.37169, 7.4 (7) , 20.1 (12) , 0.015 (2) ,1.02,1344 ,357, 332.8 (8)%
86,  ,  /  ,59132.37169, 5.2 (4) , 27.4 (17) , 0.014 (2) ,0.91,1344 ,357, 332.6 (8)%
87,70,  /  ,59132.37244, 5.6 (4) , 28.1 (17) , 0.016 (2) ,1.02,1338 ,230, 333.0 (8)%
88,71,  /  ,59132.37376, 3.3 (3) , 31.3 (19) , 0.010 (1) ,0.71,1174 ,109, 332.7 (9)%
89,72,  /  ,59132.37489, 5.7 (5) , 26.4 (16) , 0.015 (2) ,1.02,1137 ,231, 333.2 (8)%
90,73,  /  ,59132.37545, 1.8 (1) , 23.2 (14) , 0.032 (3) ,2.13,1102 ,100, 332.8 (2)%
91,74,  /  ,59132.37729, 6.3 (2) , 54.3 (33) , 0.034 (2) ,2.23,1201 ,168, 332.6 (1)%
92,75,  /  ,59132.37815, 30.1 (16) , 19.3 (12) , 0.057 (4) ,3.76,  ,  , 332.5 (2)%
93,76,  /  ,59132.37834, 5.6 (2) , 56.8 (34) , 0.031 (2) ,2.03,1324 ,163, 332.4 (1)%
94,77,  /  ,59132.37846, 39.2 (25) , 15.3 (9) , 0.059 (5) ,3.86,1383 ,51, 332.2 (2)%
95,78,  /  ,59132.37864, 2.0 (1) , 14.6 (9) , 0.022 (2) ,1.53,1154 ,220, 332.2 (5)%
96,79,  /  ,59132.37898, 14.6 (9) , 20.0 (12) , 0.029 (2) ,1.93,1357 ,323, 332.6 (5)%
97,80,  /  ,59132.37996, 5.8 (9) , 9.2 (6) , 0.021 (4) ,1.44,  ,  , 332.4 (7)%
98,81,  /  ,59132.38019, 15.6 (9) , 25.5 (16) , 0.039 (4) ,2.54,1129 ,219, 332.6 (2)%
99,82,  /  ,59132.3803, 6.5 (3) , 41.5 (25) , 0.027 (2) ,1.72,1088 ,173, 332.3 (3)%
100,83,  /  ,59132.38037, 4.6 (3) , 42.6 (26) , 0.019 (2) ,1.22,1195 ,228, 332.4 (8)%
101,84,  /  ,59132.38052, 55.0 (55) , 10.0 (6) , 0.054 (6) ,3.58,1229 ,285, 332.7 (0)%
102,85,  /  ,59132.3806, 39.0 (28) , 13.2 (8) , 0.051 (5) ,3.36,  ,  , 333.3 (7)%
103,86,  /  ,59132.3812, 4.9 (4) , 21.4 (13) , 0.010 (1) ,0.71,1182 ,254, 332.9 (0)%
104,87,  /  ,59132.38214, 5.2 (3) , 37.0 (22) , 0.019 (2) ,1.22,1098 ,114, 332.8 (1)%
105,88,  /  ,59132.38222, 19.2 (20) , 12.0 (7) , 0.023 (3) ,1.53,1180 ,167, 332.8 (9)%
106,89,  /  ,59132.38233, 9.3 (10) , 6.4 (4) , 0.046 (6) ,3.07,  ,  , 332.7 (3)%
107,90,  /  ,59132.38259, 2.6 (2) , 11.8 (7) , 0.024 (3) ,1.63,1156 ,324, 332.6 (2)%
108,91,  /  ,59132.38263, 7.1 (7) , 19.8 (12) , 0.014 (2) ,0.92,  ,  , 331.9 (4)%
109,92,  /  ,59132.38357, 4.0 (5) , 21.9 (13) , 0.009 (1) ,0.61,1342 ,334, 332.7 (1)%
110,  ,  /  ,59132.38357, 10.2 (4) , 39.4 (24) , 0.039 (3) ,2.63,1342 ,334, 332.7 (1)%
111,93,  /  ,59132.38372, 6.4 (4) , 33.7 (20) , 0.021 (2) ,1.42,1365 ,328, 333.1 (2)%
112,94,  /  ,59132.38409, 6.0 (2) , 17.0 (10) , 0.080 (6) ,5.28,1131 ,243, 332.2 (4)%
113,95,  /  ,59132.38549, 7.5 (3) , 38.4 (23) , 0.028 (2) ,1.92,1234 ,266, 332.5 (1)%
114,96,  /  ,59132.38575, 2.8 (3) , 9.9 (6) , 0.022 (4) ,1.44,1277 ,250, 332.7 (7)%
115,  ,  /  ,59132.38575, 1.4 (1) , 17.1 (10) , 0.019 (2) ,1.22,1260 ,57, 332.7 (7)%
116,97,  /  ,59132.38661, 6.0 (5) , 20.4 (12) , 0.012 (2) ,0.81,1215 ,62, 332.6 (6)%
117,  ,  /  ,59132.38661, 3.2 (3) , 21.3 (13) , 0.007 (1) ,0.41,1201 ,278, 332.6 (6)%
118,  ,  /  ,59132.38661, 11.1 (12) , 13.5 (8) , 0.015 (2) ,1.02,1215 ,62, 332.6 (6)%
119,98,  /  ,59132.38733, 7.3 (7) , 7.3 (4) , 0.042 (5) ,2.86,1119 ,326, 333.4 (2)%
120,  ,  /  ,59132.38733, 8.3 (7) , 21.4 (13) , 0.017 (2) ,1.12,1119 ,326, 333.4 (2)%
121,99,  /  ,59132.38767, 10.1 (6) , 27.4 (17) , 0.027 (2) ,1.83,1367 ,171, 332.8 (1)%
122,  ,  /  ,59132.38767, 30.1 (20) , 13.9 (8) , 0.041 (4) ,2.74,  ,  , 333.4 (3)%
123,100,  /  ,59132.38778, 8.1 (6) , 23.6 (14) , 0.019 (2) ,1.22,  ,  , 332.3 (2)%
124,101,  /  ,59132.38868, 6.7 (2) , 51.9 (32) , 0.034 (2) ,2.23,1320 ,289, 332.8 (2)%
125,102,  /  ,59132.39022, 3.4 (3) , 30.6 (19) , 0.010 (1) ,0.71,1270 ,112, 332.0 (2)%
126,  ,  /  ,59132.39022, 8.1 (7) , 21.3 (13) , 0.017 (2) ,1.12,1498 ,271, 331.8 (2)%
127,  ,  /  ,59132.39022, 7.7 (6) , 21.0 (13) , 0.016 (2) ,1.02,1270 ,112, 333.2 (4)%
128,103,  /  ,59132.39045, 5.8 (4) , 30.7 (19) , 0.018 (2) ,1.12,1299 ,136, 332.6 (0)%
129,104,  /  ,59132.39056, 5.8 (4) , 29.9 (18) , 0.017 (2) ,1.12,  ,  , 332.7 (2)%
130,105,  /  ,59132.39097, 9.8 (9) , 16.4 (10) , 0.016 (2) ,1.02,1301 ,256, 333.3 (5)%
131,106,  /  ,59132.39142, 15.2 (9) , 24.0 (15) , 0.036 (3) ,2.33,1117 ,297, 332.6 (1)%
132,  ,  /  ,59132.39142, 7.3 (7) , 21.5 (13) , 0.015 (2) ,1.02,1117 ,297, 332.6 (1)%
133,107,  /  ,59132.39146, 4.2 (3) , 33.6 (20) , 0.014 (2) ,0.91,1084 ,187, 333.3 (3)%
134,  ,  /  ,59132.39146, 5.3 (5) , 21.2 (13) , 0.011 (2) ,0.71,1266 ,293, 332.7 (9)%
135,108,  /  ,59132.39176, 7.8 (8) , 18.1 (11) , 0.014 (2) ,0.92,1227 ,212, 332.0 (1)%
136,109,  /  ,59132.3924, 4.7 (4) , 26.4 (16) , 0.012 (2) ,0.81,1061 ,52, 332.5 (1)%
137,  ,  /  ,59132.3924, 10.1 (6) , 26.0 (16) , 0.026 (2) ,1.73,1061 ,52, 332.5 (1)%
138,110,  /  ,59132.39274, 26.0 (22) , 12.0 (7) , 0.031 (3) ,2.04,1299 ,256, 332.8 (2)%
139,111,  /  ,59132.39312, 14.0 (8) , 23.0 (14) , 0.032 (2) ,2.13,  ,  , 332.8 (7)%
140,112,  /  ,59132.39342, 1.4 (1) , 13.0 (8) , 0.015 (2) ,0.92,1270 ,325, 332.1 (4)%
141,  ,  /  ,59132.39342, 3.2 (3) , 10.3 (6) , 0.026 (3) ,1.73,  ,  , 332.1 (4)%
142,113,  /  ,59132.39447, 10.6 (11) , 15.7 (10) , 0.016 (2) ,1.12,1314 ,281, 333.2 (3)%
143,  ,  /  ,59132.39447, 15.2 (12) , 18.5 (11) , 0.028 (3) ,1.83,1213 ,233, 333.1 (4)%
144,  ,  /  ,59132.39447, 3.8 (1) , 59.4 (36) , 0.022 (2) ,1.52,1314 ,281, 332.1 (5)%
145,114,  /  ,59132.39485, 1.6 (1) , 17.1 (10) , 0.022 (2) ,1.42,1127 ,182, 332.0 (7)%
146,115,  /  ,59132.39541, 6.1 (5) , 22.7 (14) , 0.014 (2) ,0.91,  ,  , 333.7 (6)%
147,116,  /  ,59132.39579, 6.4 (4) , 30.3 (18) , 0.019 (2) ,1.22,1133 ,168, 332.0 (6)%
148,117,  /  ,59132.3959, 10.3 (8) , 20.0 (12) , 0.020 (2) ,1.32,1092 ,48, 332.3 (5)%
149,118,  /  ,59132.39594, 2.1 (1) , 23.8 (14) , 0.039 (3) ,2.54,1201 ,213, 333.0 (1)%
150,119,  /  ,59132.39597, 4.1 (3) , 11.8 (7) , 0.038 (4) ,2.55,1080 ,57, 332.7 (3)%
151,120,  /  ,59132.39612, 4.5 (2) , 41.3 (25) , 0.018 (2) ,1.22,1160 ,127, 332.7 (1)%
152,  ,  /  ,59132.39612, 6.3 (3) , 38.7 (24) , 0.024 (2) ,1.62,  ,  , 332.7 (1)%
153,121,  /  ,59132.39635, 18.4 (18) , 11.9 (7) , 0.022 (2) ,1.43,1188 ,242, 333.2 (5)%
154,  ,  /  ,59132.39635, 7.2 (4) , 29.2 (18) , 0.021 (2) ,1.32,1090 ,111, 332.3 (7)%
155,122,  /  ,59132.39657, 20.1 (19) , 13.1 (8) , 0.026 (3) ,1.73,1189 ,253, 332.4 (2)%
156,  ,  /  ,59132.39658, 5.7 (4) , 26.3 (16) , 0.015 (2) ,1.01,  ,  , 332.6 (1)%
157,123,  /  ,59132.39684, 10.1 (7) , 21.2 (13) , 0.021 (2) ,1.42,  ,  , 333.0 (7)%
158,124,  /  ,59132.39703, 10.6 (6) , 28.0 (17) , 0.029 (2) ,1.93,1367 ,102, 332.7 (0)%
159,  ,  /  ,59132.39703, 11.5 (2) , 73.8 (45) , 0.083 (6) ,5.47,  ,  , 332.7 (0)%
160,  ,  /  ,59132.39703, 16.9 (5) , 42.5 (26) , 0.070 (5) ,4.66,1086 ,47, 332.7 (0)%
161,125,  /  ,59132.39759, 4.8 (4) , 26.3 (16) , 0.012 (2) ,0.81,  ,  , 333.6 (6)%
162,126,  /  ,59132.39793, 5.3 (3) , 36.3 (22) , 0.019 (2) ,1.22,1270 ,212, 333.2 (5)%
163,  ,  /  ,59132.39793, 18.7 (11) , 20.2 (12) , 0.037 (3) ,2.44,1270 ,212, 333.0 (6)%
164,  ,  /  ,59132.39793, 2.5 (2) , 40.4 (25) , 0.010 (1) ,0.61,1270 ,212, 333.0 (6)%
165,127,  /  ,59132.39797, 5.3 (4) , 25.3 (15) , 0.013 (2) ,0.91,  ,  , 332.5 (8)%
166,128,  /  ,59132.39808, 10.4 (12) , 15.0 (9) , 0.015 (2) ,1.02,  ,  , 332.6 (2)%
167,129,  /  ,59132.39823, 4.7 (5) , 23.3 (14) , 0.011 (2) ,0.71,  ,  , 332.9 (9)%
168,130,  /  ,59132.39834, 11.8 (9) , 20.2 (12) , 0.023 (2) ,1.53,1258 ,272, 332.9 (2)%
169,131,  /  ,59132.39943, 6.4 (5) , 8.5 (5) , 0.043 (4) ,2.85,1141 ,183, 333.3 (5)%
170,132,  /  ,59132.39958, 8.7 (7) , 22.2 (13) , 0.019 (2) ,1.22,1217 ,112, 333.3 (8)%
171,133,  /  ,59132.39992, 11.4 (9) , 17.0 (10) , 0.019 (2) ,1.22,1158 ,178, 333.2 (5)%
172,  ,  /  ,59132.39992, 6.2 (3) , 32.3 (20) , 0.020 (2) ,1.32,1158 ,178, 332.4 (1)%
173,134,  /  ,59132.40007, 5.9 (9) , 14.5 (9) , 0.008 (2) ,0.61,  ,  , 333.2 (2)%
174,  ,  /  ,59132.40007, 5.4 (6) , 18.7 (11) , 0.010 (2) ,0.71,  ,  , 333.2 (2)%
175,135,  /  ,59132.40026, 3.0 (3) , 25.8 (16) , 0.008 (1) ,0.51,1125 ,139, 332.8 (2)%
176,136,  /  ,59132.4003, 10.1 (8) , 19.6 (12) , 0.020 (2) ,1.32,  ,  , 332.7 (2)%
177,137,  /  ,59132.40056, 3.4 (4) , 23.3 (14) , 0.008 (1) ,0.51,1127 ,247, 333.3 (8)%
178,  ,  /  ,59132.40056, 14.8 (13) , 17.5 (11) , 0.026 (3) ,1.73,1127 ,247, 333.3 (4)%
179,138,  /  ,59132.40075, 15.4 (12) , 17.0 (10) , 0.026 (2) ,1.73,  ,  , 332.8 (9)%
180,139,  /  ,59132.40105, 1.6 (1) , 16.9 (10) , 0.021 (2) ,1.42,1096 ,103, 332.9 (3)%
181,140,  /  ,59132.40124, 17.9 (12) , 17.9 (11) , 0.031 (3) ,2.03,  ,  , 332.6 (2)%
182,141,  /  ,59132.40146, 5.5 (2) , 35.2 (21) , 0.019 (2) ,1.22,1129 ,245, 332.6 (1)%
183,  ,  /  ,59132.40146, 7.5 (7) , 17.0 (10) , 0.012 (2) ,0.81,1148 ,209, 332.6 (1)%
184,  ,  /  ,59132.40146, 20.1 (17) , 12.9 (8) , 0.025 (3) ,1.73,1105 ,122, 332.6 (1)%
185,142,  /  ,59132.40184, 4.3 (3) , 29.6 (18) , 0.012 (2) ,0.81,1107 ,92, 332.4 (3)%
186,143,  /  ,59132.40188, 9.3 (6) , 26.0 (16) , 0.024 (2) ,1.52,1102 ,293, 332.8 (1)%
187,144,  /  ,59132.40191, 9.7 (1) , 109.6 (67) , 0.104 (6) ,6.88,  ,  , 332.6 (0)%
188,145,  /  ,59132.40218, 10.9 (21) , 7.4 (4) , 0.008 (2) ,0.52,1000 ,110, 332.6 (2)%
189,  ,  /  ,59132.40218, 8.8 (8) , 20.8 (13) , 0.018 (2) ,1.22,1316 ,161, 332.6 (2)%
190,146,  /  ,59132.40221, 28.4 (29) , 10.5 (6) , 0.029 (4) ,1.94,1332 ,315, 332.6 (0)%
191,147,  /  ,59132.40229, 10.2 (9) , 19.5 (12) , 0.019 (2) ,1.32,  ,  , 333.0 (0)%
192,  ,  /  ,59132.40229, 13.8 (11) , 17.2 (10) , 0.023 (2) ,1.53,  ,  , 331.8 (3)%
193,148,  /  ,59132.40251, 4.6 (4) , 11.7 (7) , 0.042 (4) ,2.86,1000 ,253, 332.4 (3)%
194,149,  /  ,59132.40255, 6.4 (6) , 21.6 (13) , 0.014 (2) ,0.92,1443 ,252, 332.7 (9)%
195,  ,  /  ,59132.40255, 9.5 (9) , 16.6 (10) , 0.016 (2) ,1.02,1443 ,252, 332.6 (8)%
196,150,  /  ,59132.4027, 27.6 (16) , 17.4 (11) , 0.047 (4) ,3.15,  ,  , 332.5 (4)%
197,151,  /  ,59132.40289, 13.8 (12) , 8.0 (5) , 0.044 (5) ,2.96,  ,  , 333.7 (4)%
198,152,  /  ,59132.40338, 3.4 (2) , 48.0 (29) , 0.016 (2) ,1.01,1303 ,242, 332.2 (4)%
199,153,  /  ,59132.40492, 6.4 (3) , 35.6 (22) , 0.022 (2) ,1.52,  ,  , 333.1 (2)%
200,  ,  /  ,59132.40492, 9.9 (9) , 17.6 (11) , 0.017 (2) ,1.12,  ,  , 333.1 (2)%
201,  ,  /  ,59132.40492, 5.5 (6) , 20.6 (13) , 0.011 (2) ,0.71,  ,  , 333.1 (2)%
202,154,  /  ,59132.40541, 11.7 (11) , 15.5 (9) , 0.018 (2) ,1.22,  ,  , 334.3 (3)%
203,155,  /  ,59132.40545, 7.8 (7) , 22.6 (14) , 0.017 (2) ,1.12,1156 ,138, 332.8 (4)%
204,  ,  /  ,59132.40545, 4.7 (3) , 29.0 (18) , 0.013 (2) ,0.91,1172 ,175, 332.8 (4)%
205,  ,  /  ,59132.40545, 3.6 (2) , 38.1 (23) , 0.013 (2) ,0.91,1188 ,151, 332.8 (4)%
206,156,  /  ,59132.40548, 8.8 (6) , 23.6 (14) , 0.020 (2) ,1.32,1113 ,224, 333.0 (5)%
207,157,  /  ,59132.40563, 6.2 (5) , 24.9 (15) , 0.015 (2) ,1.02,1135 ,120, 332.6 (8)%
208,158,  /  ,59132.40575, 19.0 (17) , 14.0 (9) , 0.026 (3) ,1.73,1311 ,357, 332.8 (3)%
209,159,  /  ,59132.40642, 9.1 (6) , 26.5 (16) , 0.024 (2) ,1.62,  ,  , 333.3 (7)%
210,160,  /  ,59132.4065, 9.2 (6) , 23.8 (14) , 0.022 (2) ,1.42,  ,  , 332.6 (5)%
211,161,  /  ,59132.40669, 38.1 (30) , 11.1 (7) , 0.041 (4) ,2.75,  ,  , 333.3 (4)%
212,162,  /  ,59132.40729, 4.3 (3) , 33.4 (20) , 0.014 (2) ,0.91,  ,  , 332.0 (5)%
213,163,  /  ,59132.40744, 4.7 (3) , 10.6 (6) , 0.039 (4) ,2.65,1357 ,240, 332.8 (2)%
214,164,  /  ,59132.40759, 4.5 (3) , 38.5 (23) , 0.017 (2) ,1.12,  ,  , 333.1 (2)%
215,165,  /  ,59132.40763, 12.3 (10) , 17.4 (11) , 0.021 (2) ,1.42,1191 ,180, 333.0 (2)%
216,166,  /  ,59132.40766, 8.9 (6) , 24.5 (15) , 0.021 (2) ,1.42,1084 ,63, 331.8 (8)%
217,167, 59133.4096219 / 1.0 ,59133.40979, 6.8 (6) , 18.4 (8) , 0.012 (1) ,0.81,1000 ,145, 333.7 (5)%
218,168,  /  ,59133.40986, 3.4 (2) , 33.5 (14) , 0.011 (1) ,0.71,  ,  , 332.8 (4)%
219,  ,  /  ,59133.40986, 17.3 (15) , 11.6 (5) , 0.020 (2) ,1.32,  ,  , 332.8 (4)%
220,169,  /  ,59133.41081, 8.1 (6) , 6.7 (3) , 0.043 (4) ,2.84,  ,  , 332.5 (6)%
221,170,  /  ,59133.41182, 4.4 (3) , 24.1 (10) , 0.011 (1) ,0.71,1199 ,213, 332.2 (8)%
222,171,  /  ,59133.41235, 4.8 (4) , 20.7 (8) , 0.010 (1) ,0.61,1258 ,175, 332.6 (8)%
223,  ,  /  ,59133.41235, 2.6 (1) , 34.3 (14) , 0.009 (1) ,0.61,1277 ,174, 332.6 (8)%
224,172,  /  ,59133.41276, 13.5 (7) , 19.9 (8) , 0.026 (2) ,1.72,1240 ,271, 333.5 (4)%
225,  ,  /  ,59133.41276, 3.8 (4) , 22.7 (9) , 0.008 (1) ,0.61,1240 ,271, 332.8 (6)%
226,173,  /  ,59133.41302, 4.7 (1) , 61.9 (25) , 0.029 (2) ,1.91,1297 ,282, 332.7 (1)%
227,174,  /  ,59133.41306, 3.7 (1) , 28.9 (12) , 0.084 (4) ,5.55,1248 ,212, 332.6 (0)%
228,175,  /  ,59133.41336, 2.5 (1) , 36.3 (15) , 0.009 (0) ,0.6,1332 ,191, 332.6 (0)%
229,  ,  /  ,59133.41336, 5.2 (2) , 46.9 (19) , 0.024 (2) ,1.62,1266 ,22, 332.6 (0)%
230,  ,  /  ,59133.41336, 4.4 (3) , 25.4 (10) , 0.011 (1) ,0.71,1387 ,63, 332.6 (0)%
231,176,  /  ,59133.4134, 2.6 (1) , 22.7 (9) , 0.047 (3) ,3.13,  ,  , 333.0 (4)%
232,177,  /  ,59133.41359, 12.7 (10) , 15.2 (6) , 0.019 (2) ,1.22,1367 ,256, 333.4 (5)%
233,178,  /  ,59133.41366, 7.6 (4) , 25.6 (10) , 0.019 (2) ,1.21,1281 ,166, 332.4 (2)%
234,179,  /  ,59133.41374, 8.2 (6) , 19.2 (8) , 0.016 (2) ,1.01,1270 ,185, 333.2 (2)%
235,180,  /  ,59133.41449, 10.3 (7) , 18.7 (8) , 0.019 (2) ,1.22,  ,  , 332.5 (3)%
236,181,  /  ,59133.41509, 5.3 (1) , 90.4 (37) , 0.047 (2) ,3.12,1170 ,325, 332.7 (0)%
237,182,  /  ,59133.41516, 5.6 (2) , 46.9 (19) , 0.026 (2) ,1.71,1131 ,291, 332.6 (0)%
238,183,  /  ,59133.41682, 9.3 (5) , 26.6 (11) , 0.024 (2) ,1.62,1354 ,207, 333.6 (1)%
239,184,  /  ,59133.41716, 10.6 (8) , 15.8 (6) , 0.017 (2) ,1.11,1000 ,185, 332.3 (3)%
240,185,  /  ,59133.41731, 7.2 (2) , 52.1 (21) , 0.037 (2) ,2.42,  ,  , 332.6 (1)%
241,186,  /  ,59133.41885, 5.3 (4) , 26.8 (11) , 0.014 (1) ,0.91,1279 ,205, 333.4 (2)%
242,187,  /  ,59133.41919, 11.7 (9) , 15.3 (6) , 0.018 (2) ,1.12,1188 ,270, 332.5 (7)%
243,188,  /  ,59133.41949, 3.7 (2) , 27.9 (11) , 0.010 (1) ,0.71,1320 ,130, 332.4 (3)%
244,  ,  /  ,59133.41949, 1.6 (2) , 30.2 (12) , 0.005 (0) ,0.3,1289 ,122, 332.4 (3)%
245,189,  /  ,59133.42009, 8.5 (6) , 6.7 (3) , 0.045 (4) ,2.95,1205 ,35, 333.2 (3)%
246,190,  /  ,59133.4205, 6.2 (5) , 23.1 (10) , 0.014 (2) ,0.91,1000 ,110, 333.1 (4)%
247,191,  /  ,59133.42129, 12.2 (5) , 28.7 (12) , 0.034 (2) ,2.22,1275 ,173, 332.6 (1)%
248,192,  /  ,59133.42152, 6.6 (6) , 8.0 (3) , 0.041 (4) ,2.75,1221 ,219, 333.3 (2)%
249,193,  /  ,59133.42171, 5.9 (1) , 59.5 (24) , 0.034 (2) ,2.22,1385 ,302, 332.6 (1)%
250,194,  /  ,59133.42212, 13.1 (8) , 20.2 (8) , 0.026 (2) ,1.72,1342 ,173, 332.8 (1)%
251,  ,  /  ,59133.42212, 23.9 (16) , 14.0 (6) , 0.033 (2) ,2.13,1365 ,62, 332.9 (2)%
252,195,  /  ,59133.42219, 3.3 (1) , 38.9 (16) , 0.013 (1) ,0.81,1078 ,61, 332.7 (0)%
253,  ,  /  ,59133.42219, 8.5 (1) , 69.3 (28) , 0.058 (2) ,3.83,1078 ,61, 332.7 (0)%
254,  ,  /  ,59133.42219, 6.9 (3) , 38.2 (16) , 0.026 (2) ,1.72,1078 ,61, 332.7 (0)%
255,196,  /  ,59133.42265, 5.4 (5) , 22.4 (9) , 0.012 (1) ,0.81,  ,  , 332.7 (1)%
256,  ,  /  ,59133.42265, 5.3 (5) , 21.6 (9) , 0.011 (1) ,0.71,  ,  , 332.7 (1)%
257,  ,  /  ,59133.42265, 6.8 (4) , 33.8 (14) , 0.023 (2) ,1.52,  ,  , 332.7 (1)%
258,197,  /  ,59133.42313, 5.1 (5) , 18.6 (8) , 0.009 (1) ,0.61,1232 ,88, 332.7 (8)%
259,198,  /  ,59133.42374, 8.4 (5) , 23.2 (9) , 0.019 (2) ,1.21,1080 ,77, 332.6 (1)%
260,199,  /  ,59133.42381, 9.2 (6) , 20.4 (8) , 0.018 (2) ,1.21,1324 ,153, 332.1 (1)%
261,200,  /  ,59133.42422, 9.8 (6) , 19.0 (8) , 0.018 (2) ,1.21,1240 ,25, 332.9 (7)%
262,201,  /  ,59133.42437, 10.1 (7) , 18.0 (7) , 0.018 (2) ,1.21,  ,  , 332.0 (2)%
263,202,  /  ,59133.42452, 13.8 (9) , 15.8 (6) , 0.021 (2) ,1.42,  ,  , 333.0 (2)%
264,203,  /  ,59133.42456, 5.7 (3) , 10.7 (4) , 0.048 (4) ,3.14,1307 ,233, 332.8 (7)%
265,204,  /  ,59133.42475, 5.1 (1) , 48.3 (20) , 0.024 (2) ,1.61,  ,  , 332.6 (1)%
266,  ,  /  ,59133.42475, 5.6 (3) , 34.0 (14) , 0.019 (2) ,1.21,  ,  , 332.6 (0)%
267,205,  /  ,59133.42486, 6.5 (4) , 29.8 (12) , 0.019 (2) ,1.21,1340 ,74, 332.4 (1)%
268,  ,  /  ,59133.42486, 7.9 (6) , 21.5 (9) , 0.017 (2) ,1.11,1338 ,73, 332.4 (1)%
269,  ,  /  ,59133.42486, 4.1 (4) , 20.3 (8) , 0.008 (1) ,0.51,1346 ,52, 332.4 (1)%
270,206,  /  ,59133.42577, 3.6 (1) , 45.6 (19) , 0.016 (1) ,1.01,1305 ,314, 333.1 (1)%
271,  ,  /  ,59133.42577, 9.9 (6) , 20.5 (8) , 0.020 (2) ,1.32,1330 ,126, 333.1 (1)%
272,207,  /  ,59133.42588, 4.7 (3) , 25.6 (10) , 0.012 (1) ,0.81,1258 ,242, 333.2 (6)%
273,208,  /  ,59133.42625, 5.2 (4) , 25.3 (10) , 0.013 (1) ,0.81,1088 ,58, 332.6 (3)%
274,209,  /  ,59133.42674, 2.5 (2) , 16.7 (7) , 0.017 (2) ,1.12,  ,  , 332.8 (3)%
275,210,  /  ,59133.42712, 3.9 (3) , 33.0 (13) , 0.013 (1) ,0.81,  ,  , 332.7 (0)%
276,211,  /  ,59133.42734, 4.6 (2) , 16.8 (7) , 0.061 (4) ,4.04,1172 ,206, 332.4 (1)%
277,212,  /  ,59133.42855, 5.0 (2) , 43.3 (18) , 0.021 (1) ,1.41,1332 ,83, 332.5 (1)%
278,213,  /  ,59133.42858, 15.2 (7) , 23.6 (10) , 0.035 (2) ,2.32,  ,  , 332.8 (3)%
279,214,  /  ,59133.429, 9.2 (5) , 9.2 (4) , 0.067 (5) ,4.36,1305 ,333, 332.7 (2)%
280,215,  /  ,59133.42919, 5.0 (4) , 11.4 (5) , 0.045 (4) ,3.05,1158 ,253, 332.6 (2)%
281,216,  /  ,59133.42934, 3.9 (2) , 32.0 (13) , 0.012 (1) ,0.81,1283 ,339, 331.5 (2)%
282,217,  /  ,59133.42964, 4.2 (2) , 42.6 (17) , 0.018 (1) ,1.21,1301 ,224, 332.7 (1)%
283,  ,  /  ,59133.42964, 7.0 (2) , 52.1 (21) , 0.036 (2) ,2.42,1268 ,228, 332.7 (1)%
284,218,  /  ,59133.42967, 4.3 (4) , 20.9 (9) , 0.009 (1) ,0.61,  ,  , 331.5 (2)%
285,219,  /  ,59133.43001, 21.2 (20) , 9.6 (4) , 0.020 (2) ,1.32,1338 ,262, 331.8 (3)%
286,220,  /  ,59133.43013, 10.1 (7) , 19.2 (8) , 0.019 (2) ,1.22,1172 ,185, 332.4 (5)%
287,221,  /  ,59133.4302, 8.8 (5) , 9.1 (4) , 0.063 (4) ,4.16,1289 ,303, 332.4 (7)%
288,222,  /  ,59133.43028, 12.8 (12) , 12.0 (5) , 0.015 (2) ,1.02,1225 ,253, 332.1 (6)%
289,  ,  /  ,59133.43028, 6.8 (4) , 23.2 (10) , 0.016 (1) ,1.01,1318 ,255, 332.1 (6)%
290,223,  /  ,59133.43061, 8.3 (3) , 40.7 (17) , 0.033 (2) ,2.22,1396 ,199, 333.5 (4)%
291,224,  /  ,59133.43065, 6.8 (4) , 30.0 (12) , 0.020 (2) ,1.32,1328 ,250, 331.9 (7)%
292,  ,  /  ,59133.43065, 12.5 (7) , 21.8 (9) , 0.027 (2) ,1.82,1260 ,298, 331.9 (7)%
293,225,  /  ,59133.43118, 6.6 (2) , 16.3 (7) , 0.084 (5) ,5.56,1375 ,149, 332.8 (1)%
294,226,  /  ,59133.43122, 4.6 (1) , 62.5 (26) , 0.029 (2) ,1.91,  ,  , 332.7 (0)%
295,227,  /  ,59133.43174, 21.5 (22) , 9.4 (4) , 0.020 (2) ,1.32,  ,  , 332.4 (2)%
296,228,  /  ,59133.43212, 30.7 (22) , 12.2 (5) , 0.037 (3) ,2.44,1129 ,69, 333.0 (1)%
297,229,  /  ,59133.43249, 5.3 (2) , 17.5 (7) , 0.072 (4) ,4.75,1111 ,103, 332.4 (1)%
298,230,  /  ,59133.43257, 6.0 (4) , 26.2 (11) , 0.015 (2) ,1.01,  ,  , 331.5 (3)%
299,231,  /  ,59133.43272, 9.7 (8) , 16.1 (7) , 0.015 (2) ,1.01,1428 ,106, 333.2 (3)%
300,232,  /  ,59133.43287, 5.3 (3) , 33.6 (14) , 0.018 (2) ,1.11,  ,  , 332.8 (2)%
301,233,  /  ,59133.43298, 4.0 (1) , 74.4 (30) , 0.029 (2) ,1.92,1410 ,122, 332.6 (1)%
302,234,  /  ,59133.43302, 13.2 (5) , 30.0 (12) , 0.039 (2) ,2.52,  ,  , 332.8 (1)%
303,235,  /  ,59133.43317, 3.8 (1) , 47.8 (20) , 0.018 (1) ,1.21,1088 ,78, 332.6 (1)%
304,236,  /  ,59133.43336, 16.1 (10) , 18.9 (8) , 0.030 (2) ,1.93,1270 ,279, 332.8 (1)%
305,237,  /  ,59133.43347, 7.0 (5) , 22.2 (9) , 0.015 (2) ,1.01,1311 ,208, 332.8 (9)%
306,238,  /  ,59133.43389, 7.3 (3) , 33.6 (14) , 0.024 (2) ,1.61,1129 ,155, 332.6 (1)%
307,239,  /  ,59133.43419, 14.1 (8) , 7.3 (3) , 0.081 (6) ,5.37,  ,  , 332.9 (4)%
308,240,  /  ,59133.43426, 12.4 (7) , 21.4 (9) , 0.026 (2) ,1.72,1117 ,57, 332.9 (1)%
309,241,  /  ,59133.4343, 2.7 (1) , 20.1 (8) , 0.043 (2) ,2.83,1355 ,173, 333.3 (1)%
310,242,  /  ,59133.43434, 5.7 (4) , 23.7 (10) , 0.013 (1) ,0.91,  ,  , 332.2 (4)%
311,  ,  /  ,59133.43434, 6.6 (8) , 13.8 (6) , 0.009 (1) ,0.61,  ,  , 332.2 (4)%
312,243,  /  ,59133.4346, 9.9 (10) , 4.8 (2) , 0.038 (4) ,2.55,1129 ,150, 333.3 (7)%
313,244,  /  ,59133.43494, 13.3 (7) , 7.7 (3) , 0.080 (6) ,5.27,1277 ,303, 332.5 (8)%
314,245,  /  ,59133.43501, 4.5 (3) , 26.6 (11) , 0.012 (1) ,0.81,1250 ,242, 332.7 (2)%
315,  ,  /  ,59133.43501, 7.3 (4) , 25.0 (10) , 0.018 (2) ,1.21,1250 ,242, 332.7 (2)%
316,246,  /  ,59133.43539, 8.1 (4) , 27.7 (11) , 0.022 (2) ,1.42,1125 ,265, 333.9 (3)%
317,247,  /  ,59133.43546, 2.8 (1) , 18.3 (7) , 0.041 (3) ,2.73,1123 ,109, 332.8 (2)%
318,248,  /  ,59133.43565, 15.7 (9) , 19.5 (8) , 0.030 (2) ,2.02,1250 ,225, 333.0 (3)%
319,249,  /  ,59133.43644, 34.5 (31) , 9.2 (4) , 0.031 (3) ,2.04,1316 ,34, 332.6 (1)%
320,250,  /  ,59133.43663, 5.9 (2) , 15.8 (6) , 0.073 (4) ,4.85,1146 ,282, 332.6 (1)%
321,251,  /  ,59133.43697, 6.5 (5) , 25.6 (10) , 0.016 (2) ,1.11,1104 ,94, 333.3 (3)%
322,  ,  /  ,59133.43697, 7.1 (6) , 19.6 (8) , 0.014 (2) ,0.91,1104 ,94, 333.4 (3)%
323,252,  /  ,59133.437, 10.7 (2) , 52.1 (21) , 0.055 (2) ,3.63,  ,  , 332.6 (0)%
324,253,  /  ,59133.43704, 4.0 (1) , 55.8 (23) , 0.022 (1) ,1.41,1348 ,127, 332.6 (1)%
325,254,  /  ,59133.43727, 7.6 (3) , 15.0 (6) , 0.089 (6) ,5.87,1152 ,201, 331.7 (3)%
326,255,  /  ,59133.43821, 6.5 (4) , 23.6 (10) , 0.015 (1) ,1.01,1336 ,308, 333.3 (4)%
327,  ,  /  ,59133.43821, 22.5 (21) , 10.4 (4) , 0.023 (2) ,1.53,1420 ,237, 333.3 (4)%
328,256,  /  ,59133.43885, 39.3 (37) , 8.8 (4) , 0.034 (4) ,2.24,1229 ,322, 332.5 (6)%
329,257,  /  ,59133.43892, 13.0 (14) , 12.5 (5) , 0.016 (2) ,1.02,1105 ,71, 332.4 (8)%
330,258,  /  ,59133.43937, 3.5 (3) , 29.0 (12) , 0.010 (1) ,0.61,1123 ,52, 332.5 (1)%
331,  ,  /  ,59133.43937, 1.0 (4) , 30.1 (12) , 0.025 (12) ,1.61,1422 ,109, 332.5 (1)%
332,  ,  /  ,59133.43937, 3.1 (2) , 29.4 (12) , 0.009 (1) ,0.61,1432 ,104, 332.5 (1)%
333,259,  /  ,59133.43952, 11.6 (9) , 19.7 (8) , 0.022 (2) ,1.52,1385 ,109, 332.9 (0)%
334,260,  /  ,59133.43956, 5.9 (3) , 11.7 (5) , 0.054 (4) ,3.55,1383 ,178, 333.8 (3)%
335,261,  /  ,59133.43979, 2.0 (1) , 21.2 (9) , 0.033 (2) ,2.13,1252 ,285, 333.0 (3)%
336,262,  /  ,59133.44043, 4.0 (2) , 37.9 (16) , 0.015 (1) ,1.01,1137 ,146, 333.5 (4)%
337,263,  /  ,59133.44144, 22.9 (17) , 14.0 (6) , 0.032 (2) ,2.13,1281 ,274, 333.0 (2)%
338,264,  /  ,59133.44325, 4.6 (3) , 12.1 (5) , 0.044 (4) ,2.94,1131 ,134, 332.9 (2)%
339,265,  /  ,59133.44343, 4.7 (4) , 21.9 (9) , 0.010 (1) ,0.71,1168 ,117, 332.9 (2)%
340,  ,  /  ,59133.44343, 2.7 (1) , 20.7 (9) , 0.045 (3) ,2.94,1195 ,258, 332.7 (1)%
341,266,  /  ,59133.44392, 3.4 (1) , 22.7 (9) , 0.060 (4) ,3.94,1209 ,269, 332.5 (1)%
342,267,  /  ,59133.44441, 8.7 (5) , 29.4 (12) , 0.025 (2) ,1.62,  ,  , 332.7 (1)%
343,268,  /  ,59133.44505, 8.0 (4) , 27.8 (11) , 0.022 (2) ,1.41,1336 ,244, 332.7 (7)%
344,269,  /  ,59133.44636, 5.2 (3) , 29.1 (12) , 0.015 (1) ,1.01,1115 ,75, 332.6 (3)%
345,270,  /  ,59133.4464, 2.1 (1) , 18.1 (7) , 0.030 (2) ,2.02,1293 ,336, 332.7 (5)%
346,271,  /  ,59133.44655, 5.7 (3) , 35.1 (14) , 0.020 (2) ,1.31,1119 ,110, 333.0 (2)%
347,272,  /  ,59133.44682, 3.3 (2) , 15.3 (6) , 0.039 (4) ,2.64,1273 ,317, 332.6 (1)%
348,  ,  /  ,59133.44682, 6.0 (3) , 28.8 (12) , 0.017 (2) ,1.11,1307 ,42, 332.6 (1)%
349,273,  /  ,59133.44723, 5.5 (3) , 28.4 (12) , 0.015 (1) ,1.01,1096 ,128, 332.6 (1)%
350,274,  /  ,59133.44776, 3.1 (2) , 10.2 (4) , 0.025 (2) ,1.63,1406 ,132, 333.7 (6)%
351,275,  /  ,59133.44851, 4.2 (2) , 12.1 (5) , 0.040 (3) ,2.64,1166 ,129, 333.4 (2)%
352,276,  /  ,59133.4487, 2.9 (2) , 11.9 (5) , 0.028 (2) ,1.83,  ,  , 332.7 (2)%
353,277,  /  ,59133.44926, 9.9 (6) , 20.6 (8) , 0.020 (2) ,1.32,1123 ,159, 333.7 (5)%
354,278, 59135.423378 / 1.0 ,59135.43619, 8.4 (8) , 5.7 (2) , 0.038 (4) ,2.55,1107 ,127, 332.5 (5)%
355,279,  /  ,59135.44291, 7.0 (5) , 21.3 (8) , 0.015 (2) ,1.01,1107 ,96, 332.8 (5)%
356,280,  /  ,59135.45085, 3.8 (2) , 14.3 (6) , 0.043 (3) ,2.83,1191 ,270, 333.0 (6)%
357,281,  /  ,59135.45611, 2.8 (1) , 25.9 (10) , 0.057 (3) ,3.74,1371 ,198, 332.1 (5)%
358,282,  /  ,59135.45618, 14.0 (8) , 21.9 (9) , 0.030 (2) ,2.02,1113 ,159, 333.3 (4)%
359,283, 59137.460372 / 1.0 ,59137.4698, 9.8 (3) , 37.6 (16) , 0.036 (2) ,2.42,1357 ,311, 332.9 (5)%
360,284,  /  ,59137.4742, 11.4 (8) , 17.0 (7) , 0.019 (2) ,1.22,  ,  , 333.1 (6)%
361,285,  /  ,59137.47548, 6.6 (3) , 32.6 (14) , 0.021 (2) ,1.41,1324 ,169, 332.4 (5)%
362,286,  /  ,59137.47777, 5.9 (4) , 22.9 (10) , 0.013 (1) ,0.91,  ,  , 332.2 (5)%
363,287,  /  ,59137.47901, 21.2 (17) , 10.8 (5) , 0.022 (2) ,1.52,1336 ,184, 332.1 (5)%
364,288,  /  ,59137.47939, 2.2 (0) , 29.5 (13) , 0.052 (3) ,3.43,1088 ,84, 333.6 (3)%
365,289,  /  ,59137.48172, 13.7 (10) , 14.1 (6) , 0.019 (2) ,1.22,  ,  , 332.0 (2)%
366,290,  /  ,59137.48341, 13.0 (9) , 15.0 (7) , 0.019 (2) ,1.22,  ,  , 332.5 (7)%
367,291,  /  ,59137.48525, 16.9 (14) , 12.4 (6) , 0.021 (2) ,1.42,1195 ,243, 332.7 (6)%
368,292,  /  ,59137.49055, 9.4 (9) , 14.0 (6) , 0.013 (2) ,0.81,1221 ,285, 332.4 (5)%
369,293,  /  ,59137.49115, 20.4 (11) , 19.0 (9) , 0.038 (2) ,2.53,1301 ,255, 333.4 (3)%
370,294, 59138.4484947 / 1.0 ,59138.45336, 6.6 (7) , 14.8 (8) , 0.010 (2) ,0.61,1102 ,139, 333.4 (4)%
371,295,  /  ,59138.46987, 10.9 (12) , 4.4 (2) , 0.037 (5) ,2.46,1258 ,276, 332.5 (6)%
372,296,  /  ,59138.479, 10.6 (3) , 45.5 (22) , 0.047 (3) ,3.13,1312 ,142, 333.4 (4)%
373,297,  /  ,59138.47904, 16.5 (10) , 22.9 (11) , 0.037 (3) ,2.43,1303 ,217, 332.2 (5)%
374,  ,  /  ,59138.47904, 4.2 (2) , 38.1 (19) , 0.016 (2) ,1.01,1301 ,227, 332.2 (5)%
375,298,  /  ,59138.48013, 25.1 (21) , 11.4 (6) , 0.028 (3) ,1.83,1436 ,380, 333.4 (5)%
376,299,  /  ,59138.48667, 12.4 (5) , 30.1 (16) , 0.037 (2) ,2.43,1174 ,199, 331.8 (2)%
377,  ,  /  ,59138.48667, 5.9 (5) , 22.8 (12) , 0.013 (2) ,0.91,1395 ,250, 333.2 (5)%
378,300, 59140.3414358 / 5.0 ,59140.36275, 5.5 (3) , 35.5 (22) , 0.019 (2) ,1.22,1342 ,260, 331.9 (2)%
379,301,  /  ,59140.37925, 12.7 (13) , 17.4 (11) , 0.022 (2) ,1.43,1416 ,302, 333.0 (9)%
380,302,  /  ,59140.38466, 6.4 (5) , 12.9 (8) , 0.065 (6) ,4.2,1350 ,275, 333.0 (2)%
381,303,  /  ,59140.39008, 4.4 (3) , 14.5 (9) , 0.050 (4) ,3.36,1373 ,173, 332.7 (5)%
382,304,  /  ,59140.39057, 11.3 (7) , 26.4 (16) , 0.029 (2) ,1.93,  ,  , 332.8 (1)%
383,305,  /  ,59140.39361, 19.8 (13) , 20.7 (13) , 0.040 (4) ,2.64,  ,  , 332.4 (2)%
384,306,  /  ,59140.39432, 5.4 (2) , 16.7 (10) , 0.071 (6) ,4.67,1365 ,155, 332.2 (7)%
385,307,  /  ,59140.39925, 3.4 (2) , 43.4 (27) , 0.014 (2) ,0.91,1389 ,165, 332.6 (2)%
386,308,  /  ,59140.40015, 1.3 (2) , 22.2 (14) , 0.023 (4) ,1.55,1291 ,213, 332.5 (1)%
387,309,  /  ,59140.40929, 10.0 (8) , 22.1 (14) , 0.022 (2) ,1.43,1283 ,202, 332.3 (3)%
388,310,  /  ,59140.40932, 5.9 (5) , 25.4 (16) , 0.015 (2) ,1.02,  ,  , 332.8 (7)%
389,311,  /  ,59140.41695, 3.0 (1) , 89.5 (56) , 0.027 (2) ,1.72,  ,  , 333.0 (2)%
390,312,  /  ,59140.42282, 7.5 (5) , 28.2 (18) , 0.021 (2) ,1.42,1381 ,217, 333.0 (3)%
391,313,  /  ,59140.42568, 5.0 (2) , 43.2 (27) , 0.021 (2) ,1.42,1225 ,220, 332.8 (2)%
392,314,  /  ,59140.42654, 8.7 (8) , 11.1 (7) , 0.038 (4) ,2.55,  ,  , 333.5 (2)%
393,315,  /  ,59140.43233, 3.4 (3) , 27.8 (17) , 0.009 (1) ,0.61,  ,  , 332.1 (3)%
394,316,  /  ,59140.43319, 10.8 (9) , 17.0 (11) , 0.018 (2) ,1.22,1240 ,244, 333.0 (9)%
395,317,  /  ,59140.43759, 10.6 (6) , 28.0 (18) , 0.029 (2) ,1.93,1344 ,87, 331.9 (7)%
396,318,  /  ,59140.44282, 4.8 (4) , 29.5 (18) , 0.014 (2) ,0.92,1188 ,204, 333.4 (2)%
397,319,  /  ,59140.44376, 18.6 (15) , 16.7 (10) , 0.031 (3) ,2.04,1281 ,320, 332.9 (2)%
398,320,  /  ,59140.44458, 10.8 (8) , 20.3 (13) , 0.021 (2) ,1.42,1248 ,7, 331.4 (2)%
399,321,  /  ,59140.44932, 10.4 (10) , 20.3 (13) , 0.021 (2) ,1.43,  ,  , 331.7 (2)%
400,322,  /  ,59140.4494, 9.1 (8) , 17.8 (11) , 0.016 (2) ,1.02,1166 ,96, 332.6 (2)%
401,323,  /  ,59140.44973, 2.2 (1) , 45.7 (28) , 0.010 (1) ,0.61,  ,  , 331.8 (4)%
402,324,  /  ,59140.45079, 5.6 (4) , 28.8 (18) , 0.016 (2) ,1.02,1193 ,241, 332.7 (1)%
403,325,  /  ,59140.45537, 10.0 (9) , 18.8 (12) , 0.018 (2) ,1.22,1299 ,290, 332.2 (1)%
404,326,  /  ,59140.46665, 3.2 (2) , 18.5 (11) , 0.047 (4) ,3.05,1355 ,67, 332.9 (2)%
405,327,  /  ,59140.4677, 4.1 (3) , 33.7 (21) , 0.014 (2) ,0.91,1279 ,248, 332.8 (2)%
406,328,  /  ,59140.46872, 5.8 (3) , 31.4 (20) , 0.018 (2) ,1.22,1293 ,288, 332.7 (2)%
407,329,  /  ,59140.47394, 3.9 (3) , 35.9 (22) , 0.014 (2) ,0.91,1498 ,156, 332.7 (8)%
408,330,  /  ,59140.47496, 5.0 (4) , 28.5 (18) , 0.014 (2) ,0.91,  ,  , 333.1 (9)%
409,331,  /  ,59140.47958, 2.1 (1) , 27.1 (17) , 0.045 (4) ,3.04,  ,  , 333.0 (1)%
410,332,  /  ,59140.4827, 5.1 (4) , 30.0 (19) , 0.015 (2) ,1.02,1215 ,250, 333.6 (3)%
411,333,  /  ,59140.4833, 3.7 (2) , 44.0 (27) , 0.016 (2) ,1.01,1498 ,201, 332.5 (7)%
412,334,  /  ,59140.48845, 5.4 (4) , 27.6 (17) , 0.015 (2) ,0.91,  ,  , 332.5 (8)%
413,335,  /  ,59140.48902, 40.5 (41) , 9.2 (6) , 0.037 (4) ,2.45,1205 ,239, 333.1 (2)%
414,336,  /  ,59140.49067, 10.8 (10) , 18.4 (12) , 0.019 (2) ,1.32,  ,  , 332.6 (7)%
415,337,  /  ,59140.50074, 4.6 (3) , 33.2 (21) , 0.015 (2) ,1.02,  ,  , 331.3 (3)%
416,338,  /  ,59140.5036, 3.0 (2) , 31.3 (20) , 0.009 (1) ,0.61,1232 ,269, 333.0 (2)%
417,339,  /  ,59140.51086, 4.8 (4) , 32.1 (20) , 0.015 (2) ,1.02,1254 ,309, 332.5 (1)%
418,340,  /  ,59140.51409, 13.1 (9) , 24.7 (15) , 0.032 (3) ,2.13,1312 ,342, 333.3 (2)%
419,341,  /  ,59140.51657, 5.7 (3) , 43.8 (27) , 0.025 (2) ,1.62,  ,  , 332.6 (0)%
420,  ,  /  ,59140.51657, 9.4 (5) , 31.8 (20) , 0.029 (2) ,1.93,  ,  , 332.6 (1)%
421,342,  /  ,59140.51977, 5.0 (3) , 37.7 (24) , 0.018 (2) ,1.22,1227 ,327, 331.5 (3)%
422,343,  /  ,59140.53706, 5.2 (3) , 40.2 (25) , 0.020 (2) ,1.32,1193 ,193, 332.7 (7)%
423,344,  /  ,59140.54672, 8.1 (8) , 19.8 (12) , 0.016 (2) ,1.02,1227 ,177, 332.5 (6)%
424,345, 59143.4678852 / 0.5 ,59143.4726, 5.5 (5) , 6.8 (3) , 0.030 (3) ,1.94,1387 ,340, 333.5 (2)%
425,346, 59143.5369889 / 0.5 ,59143.53903, 6.6 (4) , 25.4 (11) , 0.017 (2) ,1.11,1395 ,45, 332.8 (1)%
426,347,  /  ,59143.5391, 8.8 (8) , 17.1 (7) , 0.015 (2) ,1.02,1242 ,277, 333.6 (3)%
427,348, 59146.4072689 / 1.0 ,59146.40872, 3.4 (3) , 7.5 (3) , 0.020 (2) ,1.32,1131 ,120, 333.5 (6)%
428,349,  /  ,59146.41259, 1.8 (1) , 15.7 (6) , 0.022 (2) ,1.42,1236 ,237, 332.3 (2)%
429,350,  /  ,59146.41485, 7.6 (5) , 20.9 (8) , 0.016 (2) ,1.01,1180 ,166, 331.5 (4)%
430,351,  /  ,59146.4177, 14.0 (14) , 10.7 (4) , 0.015 (2) ,1.02,1379 ,207, 333.3 (5)%
431,352,  /  ,59146.41936, 4.5 (2) , 11.3 (4) , 0.040 (3) ,2.63,1318 ,274, 333.0 (2)%
432,353,  /  ,59146.41962, 9.4 (7) , 16.9 (7) , 0.016 (2) ,1.01,  ,  , 333.0 (2)%
433,354,  /  ,59146.42075, 1.3 (1) , 17.7 (7) , 0.018 (2) ,1.22,1266 ,261, 332.8 (2)%
434,355,  /  ,59146.42082, 15.9 (10) , 17.0 (7) , 0.027 (2) ,1.72,  ,  , 332.5 (2)%
435,356,  /  ,59146.42379, 5.9 (4) , 26.0 (10) , 0.015 (1) ,1.01,1285 ,186, 332.9 (2)%
436,357,  /  ,59146.43714, 2.7 (3) , 32.3 (12) , 0.009 (2) ,0.61,  ,  , 332.7 (8)%
437,358,  /  ,59146.43721, 15.1 (30) , 15.0 (6) , 0.022 (4) ,1.45,  ,  , 332.8 (9)%
438,359,  /  ,59146.438, 12.3 (15) , 20.2 (8) , 0.025 (3) ,1.64,  ,  , 332.6 (2)%
439,360,  /  ,59146.44184, 1.5 (0) , 44.8 (18) , 0.053 (2) ,3.53,1154 ,257, 332.6 (0)%
440,361,  /  ,59146.44349, 7.4 (5) , 21.4 (8) , 0.016 (2) ,1.01,  ,  , 333.0 (7)%
441,362,  /  ,59146.44669, 10.3 (5) , 28.7 (11) , 0.029 (2) ,1.92,1264 ,196, 332.8 (1)%
442,363, 59147.4902697 / 1.0 ,59147.49397, 9.1 (7) , 16.1 (8) , 0.014 (2) ,0.91,1125 ,49, 331.9 (2)%
443,364,  /  ,59147.49525, 7.5 (2) , 20.1 (10) , 0.119 (7) ,7.79,1107 ,106, 332.9 (1)%
444,365,  /  ,59147.49826, 10.7 (7) , 20.6 (10) , 0.022 (2) ,1.42,1377 ,91, 332.4 (2)%
445,366,  /  ,59147.49875, 5.3 (3) , 9.4 (4) , 0.040 (4) ,2.64,1117 ,81, 332.6 (2)%
446,367,  /  ,59147.50852, 5.0 (4) , 25.4 (12) , 0.013 (1) ,0.81,1307 ,292, 332.8 (2)%
447,  ,  /  ,59147.50852, 2.9 (2) , 33.2 (16) , 0.009 (1) ,0.61,1326 ,285, 332.8 (2)%
448,368,  /  ,59147.51239, 6.4 (4) , 27.4 (13) , 0.017 (2) ,1.12,1373 ,110, 332.7 (9)%
449,369,  /  ,59147.51277, 29.8 (17) , 15.9 (8) , 0.047 (4) ,3.04,1324 ,111, 332.8 (2)%
450,370,  /  ,59147.51284, 1.6 (1) , 21.0 (10) , 0.026 (2) ,1.73,1113 ,140, 331.9 (2)%
451,371,  /  ,59147.51829, 14.3 (13) , 15.1 (7) , 0.021 (2) ,1.42,1139 ,88, 333.1 (2)%
452,372,  /  ,59147.51841, 3.7 (2) , 41.1 (20) , 0.015 (1) ,1.01,1178 ,265, 333.6 (6)%
453,373, 59148.4957517 / 1.0 ,59148.49593, 3.8 (5) , 5.3 (3) , 0.016 (2) ,1.03,  ,  , 333.7 (5)%
454,374,  /  ,59148.49822, 21.7 (18) , 10.7 (7) , 0.023 (2) ,1.53,1201 ,228, 332.1 (7)%
455,375,  /  ,59148.49923, 17.8 (11) , 17.7 (11) , 0.031 (3) ,2.03,1408 ,210, 333.0 (2)%
456,376,  /  ,59148.50051, 4.4 (4) , 8.8 (6) , 0.030 (4) ,2.04,1230 ,31, 333.4 (5)%
457,377,  /  ,59148.50111, 2.7 (2) , 30.7 (20) , 0.008 (1) ,0.51,1234 ,238, 331.9 (5)%
458,378,  /  ,59148.50123, 6.1 (3) , 10.6 (7) , 0.051 (4) ,3.35,1289 ,252, 332.1 (2)%
459,379,  /  ,59148.50615, 2.3 (1) , 36.9 (23) , 0.008 (1) ,0.61,  ,  , 333.0 (0)%
460,380,  /  ,59148.5063, 3.3 (4) , 19.6 (12) , 0.006 (1) ,0.41,1127 ,179, 333.2 (9)%
461,381,  /  ,59148.50675, 25.3 (18) , 12.7 (8) , 0.032 (3) ,2.14,1334 ,252, 332.1 (4)%
462,382,  /  ,59148.51318, 2.8 (1) , 36.2 (23) , 0.010 (1) ,0.71,1342 ,218, 332.7 (2)%
463,383,  /  ,59148.51427, 4.7 (4) , 27.8 (18) , 0.013 (2) ,0.81,1096 ,94, 332.3 (3)%
464,384,  /  ,59148.52825, 4.7 (3) , 31.7 (20) , 0.015 (2) ,0.91,  ,  , 333.4 (3)%
465,385, 59151.4441591 / 1.0 ,59151.4442, 15.3 (10) , 18.5 (8) , 0.028 (2) ,1.82,1111 ,114, 332.6 (1)%
466,386,  /  ,59151.44477, 12.1 (6) , 8.0 (4) , 0.077 (6) ,5.07,1334 ,246, 332.5 (1)%
467,387,  /  ,59151.44544, 5.2 (4) , 8.2 (4) , 0.034 (3) ,2.23,1119 ,76, 333.2 (3)%
468,388,  /  ,59151.44604, 2.9 (2) , 10.9 (5) , 0.025 (2) ,1.63,1137 ,106, 332.3 (1)%
469,389,  /  ,59151.44657, 4.6 (1) , 23.2 (10) , 0.084 (4) ,5.55,1160 ,132, 332.6 (0)%
470,390,  /  ,59151.4471, 39.0 (17) , 15.6 (7) , 0.060 (4) ,3.94,  ,  , 332.4 (1)%
471,391,  /  ,59151.448, 4.2 (4) , 8.1 (4) , 0.026 (3) ,1.73,1279 ,225, 332.7 (2)%
472,392,  /  ,59151.44837, 28.7 (23) , 10.4 (5) , 0.029 (3) ,1.93,1117 ,101, 333.2 (2)%
473,393,  /  ,59151.44849, 2.8 (1) , 14.6 (6) , 0.032 (2) ,2.13,1281 ,251, 333.0 (1)%
474,394,  /  ,59151.44852, 2.7 (1) , 15.9 (7) , 0.033 (2) ,2.23,1113 ,106, 333.1 (1)%
475,395,  /  ,59151.45221, 2.7 (1) , 18.6 (8) , 0.040 (2) ,2.63,1318 ,324, 332.7 (1)%
476,396,  /  ,59151.4524, 7.5 (4) , 23.9 (11) , 0.018 (2) ,1.11,1150 ,181, 332.7 (1)%
477,397,  /  ,59151.45247, 4.9 (3) , 21.7 (10) , 0.010 (1) ,0.71,1338 ,301, 332.9 (1)%
478,398,  /  ,59151.45288, 6.3 (5) , 17.7 (8) , 0.011 (1) ,0.71,1295 ,343, 332.9 (9)%
479,399,  /  ,59151.45337, 7.0 (5) , 21.0 (9) , 0.015 (2) ,0.91,1262 ,223, 332.4 (2)%
480,400,  /  ,59151.4551, 5.4 (4) , 21.5 (10) , 0.011 (1) ,0.71,  ,  , 332.8 (8)%
481,401,  /  ,59151.45552, 13.4 (9) , 16.8 (7) , 0.022 (2) ,1.42,1186 ,284, 332.2 (2)%
482,402,  /  ,59151.45567, 3.7 (2) , 11.6 (5) , 0.033 (2) ,2.23,1135 ,139, 332.8 (2)%
483,403,  /  ,59151.45593, 1.5 (0) , 19.7 (9) , 0.023 (2) ,1.51,1244 ,191, 332.7 (2)%
484,404,  /  ,59151.45619, 3.0 (3) , 8.0 (4) , 0.019 (2) ,1.22,  ,  , 333.4 (0)%
485,405,  /  ,59151.45706, 6.8 (11) , 10.9 (5) , 0.007 (1) ,0.51,1086 ,352, 332.8 (9)%
486,406,  /  ,59151.458, 3.1 (1) , 15.5 (7) , 0.037 (2) ,2.43,1312 ,228, 333.6 (1)%
487,407,  /  ,59151.4586, 8.3 (3) , 34.8 (16) , 0.028 (2) ,1.92,1322 ,173, 332.4 (1)%
488,  ,  /  ,59151.4586, 20.8 (20) , 10.2 (5) , 0.021 (2) ,1.42,1369 ,169, 332.4 (1)%
489,408,  /  ,59151.45864, 8.7 (5) , 9.6 (4) , 0.065 (5) ,4.36,1244 ,165, 333.0 (2)%
490,409,  /  ,59151.45927, 1.6 (0) , 20.8 (9) , 0.027 (2) ,1.82,1137 ,141, 333.2 (3)%
491,410,  /  ,59151.46006, 15.0 (13) , 12.7 (6) , 0.019 (2) ,1.22,1312 ,121, 332.5 (4)%
492,411,  /  ,59151.46036, 7.8 (6) , 17.6 (8) , 0.013 (2) ,0.91,1379 ,212, 332.9 (2)%
493,412,  /  ,59151.46048, 2.9 (1) , 17.1 (8) , 0.039 (3) ,2.63,1396 ,111, 332.3 (1)%
494,413,  /  ,59151.46051, 1.7 (0) , 23.9 (11) , 0.032 (2) ,2.13,1117 ,73, 332.4 (1)%
495,414,  /  ,59151.46055, 6.9 (6) , 6.0 (3) , 0.033 (4) ,2.14,1115 ,109, 332.5 (2)%
496,415,  /  ,59151.46097, 5.2 (5) , 18.1 (8) , 0.009 (1) ,0.61,  ,  , 331.6 (4)%
497,416,  /  ,59151.46164, 8.8 (6) , 19.3 (9) , 0.017 (2) ,1.11,1223 ,257, 333.9 (6)%
498,417,  /  ,59151.46337, 22.4 (9) , 22.4 (10) , 0.049 (3) ,3.23,1402 ,160, 333.0 (1)%
499,418,  /  ,59151.4645, 11.1 (7) , 21.1 (9) , 0.023 (2) ,1.52,1293 ,260, 332.7 (1)%
500,419,  /  ,59151.46469, 1.6 (0) , 28.9 (13) , 0.036 (2) ,2.32,1111 ,94, 332.7 (1)%
501,420,  /  ,59151.46499, 4.3 (2) , 10.4 (5) , 0.035 (3) ,2.33,  ,  , 333.1 (2)%
502,421,  /  ,59151.46503, 4.1 (1) , 62.4 (28) , 0.025 (2) ,1.61,1324 ,73, 332.7 (1)%
503,422,  /  ,59151.46506, 20.0 (8) , 21.2 (9) , 0.042 (2) ,2.73,1133 ,187, 332.6 (1)%
504,423,  /  ,59151.46585, 6.9 (5) , 22.1 (10) , 0.015 (2) ,1.01,1191 ,191, 332.4 (2)%
505,424,  /  ,59151.46751, 2.6 (1) , 12.4 (6) , 0.026 (2) ,1.72,1186 ,132, 333.7 (4)%
506,425,  /  ,59151.46796, 1.3 (1) , 13.9 (6) , 0.015 (2) ,1.02,1086 ,92, 333.0 (1)%
507,426,  /  ,59151.46852, 20.1 (16) , 11.0 (5) , 0.022 (2) ,1.42,1129 ,84, 333.3 (2)%
508,427,  /  ,59151.46916, 3.6 (2) , 31.7 (14) , 0.011 (1) ,0.71,1145 ,143, 332.7 (2)%
509,  ,  /  ,59151.46916, 13.6 (9) , 17.0 (8) , 0.023 (2) ,1.52,1145 ,143, 332.7 (2)%
510,428,  /  ,59151.47221, 11.9 (13) , 4.4 (2) , 0.041 (5) ,2.76,  ,  , 332.4 (6)%
511,429,  /  ,59151.47288, 17.3 (14) , 4.7 (2) , 0.064 (6) ,4.28,1295 ,133, 332.0 (5)%
512,430,  /  ,59151.4733, 21.7 (16) , 11.8 (5) , 0.025 (2) ,1.62,1131 ,127, 333.0 (2)%
513,431,  /  ,59151.47348, 6.1 (4) , 7.7 (3) , 0.037 (4) ,2.44,1152 ,156, 333.1 (2)%
514,432,  /  ,59151.47502, 5.7 (3) , 29.3 (13) , 0.016 (1) ,1.11,1000 ,255, 332.7 (2)%
515,  ,  /  ,59151.47502, 15.9 (10) , 16.1 (7) , 0.025 (2) ,1.62,1000 ,255, 332.7 (2)%
516,  ,  /  ,59151.47502, 2.2 (2) , 29.0 (13) , 0.006 (0) ,0.4,1078 ,101, 332.7 (2)%
517,433,  /  ,59151.47559, 2.0 (1) , 19.7 (9) , 0.031 (2) ,2.02,1137 ,134, 332.5 (1)%
518,434,  /  ,59151.47597, 17.8 (13) , 12.7 (6) , 0.022 (2) ,1.42,1131 ,125, 332.5 (2)%
519,435,  /  ,59151.47886, 3.8 (2) , 11.6 (5) , 0.035 (3) ,2.33,1322 ,229, 333.9 (5)%
520,436,  /  ,59151.48033, 2.8 (3) , 7.4 (3) , 0.016 (2) ,1.12,1264 ,243, 333.3 (1)%
521,437,  /  ,59151.48063, 2.2 (1) , 20.6 (9) , 0.035 (2) ,2.33,1365 ,181, 333.2 (3)%
522,438,  /  ,59151.48187, 19.3 (10) , 17.7 (8) , 0.034 (2) ,2.23,1125 ,117, 333.1 (1)%
523,439,  /  ,59151.48269, 6.5 (5) , 20.8 (9) , 0.013 (1) ,0.91,1168 ,187, 332.7 (1)%
524,440,  /  ,59151.48386, 4.2 (2) , 13.2 (6) , 0.044 (3) ,2.93,1143 ,121, 332.8 (1)%
525,441,  /  ,59151.48401, 9.4 (4) , 25.0 (11) , 0.023 (2) ,1.52,1357 ,87, 333.4 (1)%
526,442,  /  ,59151.48476, 23.6 (30) , 7.0 (3) , 0.016 (2) ,1.12,  ,  , 332.4 (2)%
527,443, 59152.4527431 / 1.0 ,59152.46206, 19.1 (17) , 4.7 (2) , 0.071 (8) ,4.69,1119 ,119, 332.3 (3)%
528,444,  /  ,59152.46274, 10.2 (7) , 7.3 (4) , 0.059 (5) ,3.86,  ,  , 333.4 (1)%
529,445,  /  ,59152.46341, 10.7 (9) , 16.2 (8) , 0.017 (2) ,1.12,  ,  , 331.9 (2)%
530,446,  /  ,59152.46416, 11.9 (8) , 19.8 (10) , 0.023 (2) ,1.52,1109 ,90, 333.1 (3)%
531,447,  /  ,59152.46431, 10.9 (8) , 17.7 (9) , 0.019 (2) ,1.22,1357 ,274, 333.3 (2)%
532,448,  /  ,59152.4648, 13.5 (6) , 28.3 (14) , 0.037 (2) ,2.43,  ,  , 332.7 (1)%
533,449,  /  ,59152.4665, 2.0 (1) , 22.3 (11) , 0.035 (2) ,2.33,1096 ,69, 333.6 (1)%
534,450,  /  ,59152.46695, 16.4 (20) , 9.4 (5) , 0.015 (2) ,1.02,  ,  , 332.6 (1)%
535,451,  /  ,59152.46732, 10.5 (9) , 8.8 (4) , 0.036 (4) ,2.44,  ,  , 333.1 (4)%
536,452,  /  ,59152.46755, 15.8 (12) , 14.9 (7) , 0.023 (2) ,1.52,  ,  , 332.4 (2)%
537,453,  /  ,59152.46879, 23.8 (24) , 8.5 (4) , 0.020 (2) ,1.32,1232 ,252, 331.9 (6)%
538,454,  /  ,59152.46924, 20.4 (11) , 18.7 (9) , 0.037 (3) ,2.43,1111 ,110, 332.7 (1)%
539,455,  /  ,59152.47044, 9.5 (13) , 12.2 (6) , 0.011 (2) ,0.72,1086 ,319, 332.3 (7)%
540,456,  /  ,59152.47146, 4.1 (5) , 7.5 (4) , 0.024 (3) ,1.64,1170 ,307, 333.3 (1)%
541,457,  /  ,59152.47183, 1.9 (0) , 30.9 (15) , 0.046 (3) ,3.04,  ,  , 332.9 (9)%
542,458,  /  ,59152.47296, 5.5 (6) , 5.4 (3) , 0.023 (3) ,1.54,  ,  , 333.4 (4)%
543,459,  /  ,59152.47319, 6.5 (5) , 20.7 (10) , 0.013 (2) ,0.91,1334 ,337, 332.5 (4)%
544,  ,  /  ,59152.47319, 5.4 (2) , 39.7 (19) , 0.021 (2) ,1.41,1438 ,294, 332.5 (4)%
545,460,  /  ,59152.47446, 9.8 (7) , 20.0 (10) , 0.019 (2) ,1.32,1389 ,202, 333.4 (3)%
546,461,  /  ,59152.47469, 2.4 (2) , 9.9 (5) , 0.018 (2) ,1.22,1268 ,279, 333.4 (3)%
547,462,  /  ,59152.47518, 6.5 (5) , 20.9 (10) , 0.013 (2) ,0.91,1172 ,150, 332.5 (4)%
548,463,  /  ,59152.47563, 8.6 (8) , 17.0 (8) , 0.014 (2) ,0.92,1000 ,131, 333.1 (2)%
549,464,  /  ,59152.47758, 27.1 (25) , 9.2 (4) , 0.025 (2) ,1.63,1260 ,247, 332.5 (1)%
550,465,  /  ,59152.47837, 3.6 (1) , 20.5 (10) , 0.058 (4) ,3.85,1395 ,209, 332.8 (4)%
551,466,  /  ,59152.47871, 10.5 (7) , 23.5 (11) , 0.024 (2) ,1.62,1244 ,273, 333.4 (8)%
552,467,  /  ,59152.48161, 5.8 (4) , 8.0 (4) , 0.036 (4) ,2.44,  ,  , 332.2 (7)%
553,468,  /  ,59152.48191, 8.5 (5) , 22.1 (11) , 0.018 (2) ,1.22,1248 ,267, 332.9 (2)%
554,  ,  /  ,59152.48191, 26.8 (11) , 20.8 (10) , 0.055 (4) ,3.64,1264 ,267, 332.9 (2)%
555,469,  /  ,59152.48349, 4.7 (3) , 26.2 (13) , 0.012 (1) ,0.81,1123 ,63, 333.2 (4)%
556,470,  /  ,59152.48439, 25.3 (14) , 16.9 (8) , 0.042 (3) ,2.74,  ,  , 332.7 (9)%
557,471,  /  ,59152.48469, 14.3 (13) , 4.5 (2) , 0.051 (6) ,3.36,1266 ,306, 332.9 (2)%
558,472,  /  ,59152.48743, 2.1 (2) , 11.6 (6) , 0.019 (2) ,1.22,  ,  , 332.7 (4)%
559,473,  /  ,59152.48871, 4.1 (3) , 9.4 (5) , 0.030 (3) ,2.03,1135 ,213, 332.2 (7)%
560,474,  /  ,59152.49097, 4.9 (4) , 23.5 (11) , 0.011 (1) ,0.71,  ,  , 331.5 (6)%
561,475,  /  ,59152.49108, 2.5 (2) , 10.0 (5) , 0.019 (2) ,1.32,1131 ,156, 333.1 (9)%
562,476,  /  ,59152.4913, 6.9 (5) , 18.9 (9) , 0.013 (1) ,0.81,1135 ,152, 333.0 (7)%
563,477,  /  ,59152.49322, 13.5 (12) , 13.6 (7) , 0.018 (2) ,1.22,1141 ,44, 333.0 (1)%
